City,Lat,Lng,Max Temp,Humidity,Cloudiness,Wind Speed,Country,Date
Leningradskiy,69.38,178.42,-2.79,91,100,5.57,RU,1608498985
Vangaindrano,-23.35,47.6,75.06,92,38,4.32,MG,1608498985
Barrow,71.29,-156.79,-20.2,75,1,10.29,US,1608498985
Bredasdorp,-34.53,20.04,66.2,88,0,5.82,ZA,1608498985
Nuquí,5.71,-77.27,79.14,83,100,7.47,CO,1608498986
Avarua,-21.21,-159.78,80.6,61,100,4.7,CK,1608498986
Pisco,-13.7,-76.22,75.2,64,0,17.22,PE,1608498986
Big Spring,32.25,-101.48,62.01,18,1,3.36,US,1608498834
Ponta Delgada,37.73,-25.67,62.6,93,75,16.11,PT,1608498986
Leshukonskoye,64.9,45.76,19.27,97,100,7.43,RU,1608498986
Rikitea,-23.12,-134.97,76.69,77,24,22.26,PF,1608498734
Ushuaia,-54.8,-68.3,50.0,81,75,26.4,AR,1608498934
Pokhara,28.23,83.98,48.72,53,1,3.02,NP,1608498987
Lorengau,-2.02,147.27,82.4,76,77,5.99,PG,1608498987
Chardara,41.25,67.97,29.82,93,50,10.76,KZ,1608498987
Ndendé,-2.4,11.36,74.03,95,100,1.25,GA,1608498988
George Town,5.41,100.34,78.8,88,20,3.36,MY,1608498988
Bluff,-46.6,168.33,55.0,86,100,1.01,NZ,1608498988
Qaanaaq,77.48,-69.36,-0.63,73,80,6.02,GL,1608498735
Camargo,27.67,-105.17,64.15,23,82,5.66,MX,1608498988
Mayo,38.89,-76.51,44.01,87,40,6.93,US,1608498988
Bengkulu,-3.8,102.27,73.98,83,72,4.7,ID,1608498896
Bethel,41.37,-73.41,30.99,92,90,3.36,US,1608498739
Lompoc,34.64,-120.46,75.0,22,1,3.36,US,1608498868
Vestmannaeyjar,63.44,-20.27,34.7,83,0,12.1,IS,1608498699
New Norfolk,-42.78,147.06,59.0,65,0,1.01,AU,1608498989
Vaini,-21.2,-175.2,80.6,88,20,14.99,TO,1608498989
Mataura,-46.19,168.86,55.0,86,100,1.01,NZ,1608498990
Bandarbeyla,9.49,50.81,75.79,82,41,21.9,SO,1608498990
Hobart,-42.88,147.33,59.0,81,20,5.82,AU,1608498990
Kapaa,22.08,-159.32,78.8,78,40,18.34,US,1608498990
Biltine,14.53,20.92,68.4,22,52,6.44,TD,1608498990
Hofn,64.25,-15.21,35.08,80,63,9.22,IS,1608498990
Qaqortoq,60.72,-46.03,24.8,58,100,9.17,GL,1608498990
Punta Arenas,-53.15,-70.92,53.01,76,75,23.04,CL,1608498836
Cape Town,-33.93,18.42,73.0,56,0,21.92,ZA,1608498735
Mahanoro,-19.9,48.8,76.71,86,100,3.27,MG,1608498991
Sinnamary,5.38,-52.95,80.26,81,98,7.85,GF,1608498758
Bambous Virieux,-20.34,57.76,77.0,88,40,3.36,MU,1608498991
Ancud,-41.87,-73.82,57.2,71,90,4.7,CL,1608498804
Hualmay,-11.1,-77.61,72.91,70,52,8.75,PE,1608498992
Urusha,54.05,122.9,-6.45,90,88,1.25,RU,1608498992
Tasiilaq,65.61,-37.64,21.2,67,100,3.36,GL,1608498992
Puerto Ayora,-0.74,-90.35,78.8,69,75,2.24,EC,1608498992
Saint Paul Harbor,57.79,-152.41,33.8,59,1,14.99,US,1608498881
Deputatsky,69.3,139.9,-26.64,88,100,3.09,RU,1608498993
Nanortalik,60.14,-45.24,26.01,94,100,12.5,GL,1608498993
Pevek,69.7,170.31,-6.56,90,73,4.76,RU,1608498993
Kavieng,-2.57,150.8,83.44,70,13,2.98,PG,1608498993
Fortuna,40.6,-124.16,63.0,77,40,3.04,US,1608498872
Clyde River,70.47,-68.59,-0.4,84,90,14.99,CA,1608498993
Chokurdakh,70.63,147.92,-17.36,89,80,10.18,RU,1608498993
Chengdu,30.67,104.07,42.01,100,0,2.75,CN,1608498993
Dubbo,-32.25,148.62,62.6,72,75,4.7,AU,1608498994
Kapuskasing,49.42,-82.43,33.8,80,100,11.41,CA,1608498994
Hermanus,-34.42,19.23,70.0,76,0,5.99,ZA,1608498763
Busselton,-33.65,115.33,50.0,89,0,12.88,AU,1608498994
Port Elizabeth,-33.92,25.57,71.6,88,44,8.05,ZA,1608498994
Port Alfred,-33.59,26.89,72.0,94,44,1.01,ZA,1608498787
Carnarvon,-24.87,113.63,77.0,65,0,19.46,AU,1608498803
Saskylakh,71.92,114.08,-38.04,80,66,4.23,RU,1608498995
Esperance,-33.87,121.9,57.2,93,45,3.36,AU,1608498995
Kulhudhuffushi,6.62,73.07,82.27,68,70,7.58,MV,1608498995
Sibu,2.3,111.82,75.2,100,40,3.36,MY,1608498995
Manta,-0.95,-80.73,78.8,69,20,14.99,EC,1608498773
Mihona,26.28,78.98,53.98,40,47,5.19,IN,1608498995
Albany,42.6,-73.97,32.0,73,100,3.0,US,1608498995
Korla,41.76,86.15,16.48,92,0,2.28,CN,1608498702
Compostela,7.67,126.09,74.21,88,100,2.21,PH,1608498996
Nara,34.69,135.8,37.0,86,40,6.93,JP,1608498996
Mar del Plata,-38.0,-57.56,57.0,87,75,10.29,AR,1608498866
Puchezh,56.98,43.17,13.86,97,85,10.04,RU,1608498996
Rawson,-43.3,-65.1,78.06,22,1,13.98,AR,1608498996
Aripuanã,-9.17,-60.63,85.05,72,73,3.09,BR,1608498996
Weihe,33.0,105.32,27.61,91,0,1.7,CN,1608498996
Eufaula,31.89,-85.15,57.0,92,100,4.23,US,1608498802
Karratha,-20.74,116.85,85.39,50,29,6.91,AU,1608498997
Matagami,49.75,-77.63,30.2,92,90,13.87,CA,1608498997
Lagoa,39.05,-27.98,64.54,87,100,26.49,PT,1608498997
Baykit,61.67,96.37,-15.38,84,97,2.39,RU,1608498997
Tulun,54.56,100.58,16.45,94,98,4.34,RU,1608498997
Acajutla,13.59,-89.83,82.0,65,0,1.01,SV,1608498997
Alice Springs,-23.7,133.88,73.4,94,90,1.12,AU,1608498744
Biak,-0.91,122.88,78.91,74,100,1.43,ID,1608498998
Tuktoyaktuk,69.45,-133.04,-41.8,72,20,3.36,CA,1608498998
São Francisco,-15.95,-44.86,77.25,85,100,1.72,BR,1608498982
Hithadhoo,-0.6,73.08,82.0,73,0,7.36,MV,1608498998
Hong Gai,20.96,107.09,59.0,38,0,9.17,VN,1608498998
Del Rio,29.36,-100.9,71.6,15,1,12.75,US,1608498998
Bella Union,-30.28,-57.6,78.82,38,0,9.37,UY,1608498999
Khatanga,71.97,102.5,-29.29,85,98,4.61,RU,1608498999
Hambantota,6.12,81.12,77.7,83,100,18.95,LK,1608498999
Torbay,47.67,-52.73,24.8,85,20,8.05,CA,1608498999
Minna,9.61,6.56,82.4,51,5,3.36,NG,1608498999
Nagato,34.38,131.2,44.6,45,40,12.75,JP,1608499000
São Joaquim,-28.29,-49.93,62.24,100,100,2.13,BR,1608499000
Souillac,-20.52,57.52,77.0,88,40,3.36,MU,1608499000
Tateyama,34.98,139.87,39.0,28,75,4.0,JP,1608499000
Barcelos,41.54,-8.62,57.2,93,75,17.22,PT,1608498940
Stornoway,58.21,-6.39,46.4,87,82,19.46,GB,1608499000
Geraldton,-28.77,114.6,60.8,77,0,6.93,AU,1608499000
Riyadh,24.69,46.72,55.4,66,0,3.36,SA,1608498782
Impfondo,1.64,18.07,74.61,80,100,3.87,CG,1608499001
Port-Gentil,-0.72,8.78,82.4,83,75,9.17,GA,1608499001
Kiama,-34.68,150.87,71.01,94,100,1.99,AU,1608499001
College,64.86,-147.8,-7.01,77,100,2.91,US,1608498760
Saint-Philippe,-21.36,55.77,77.0,83,0,8.05,RE,1608499001
São Filipe,14.9,-24.5,73.83,69,100,11.12,CV,1608499001
Tiksi,71.69,128.87,-15.86,90,100,6.69,RU,1608498876
Dikson,73.51,80.55,-26.86,85,62,6.71,RU,1608499002
Provideniya,64.38,-173.3,1.4,70,0,13.42,RU,1608499002
Ambon City,-3.7,128.18,82.04,75,97,5.66,ID,1608499002
Aksarka,66.56,67.8,-22.31,86,59,13.29,RU,1608498739
Butaritari,3.07,172.79,81.28,78,58,15.99,KI,1608498735
Atuona,-9.8,-139.03,78.71,76,35,16.91,PF,1608499002
Fare,-16.7,-151.02,81.5,69,38,7.31,PF,1608499003
Grindavik,63.84,-22.43,35.6,79,75,27.51,IS,1608499003
Laas,46.62,10.7,39.0,92,75,1.88,IT,1608499003
Sobolevo,54.43,31.9,32.76,97,100,7.18,RU,1608499003
Pacific Grove,36.62,-121.92,64.99,39,1,5.82,US,1608499003
Lebu,-37.62,-73.65,57.29,73,0,19.24,CL,1608499003
Rørvik,64.86,11.24,46.4,61,0,11.41,NO,1608499003
North Bend,43.41,-124.22,57.0,100,90,17.22,US,1608498747
Tocopilla,-22.09,-70.2,70.36,47,80,6.53,CL,1608499004
Revda,56.8,59.93,10.4,72,75,20.13,RU,1608499004
Debre Tabor,11.85,38.02,53.94,65,54,3.98,ET,1608499004
Kedrovyy,56.17,91.82,19.4,85,100,11.18,RU,1608499004
Åmot,59.57,7.99,44.01,87,100,5.01,NO,1608499004
Husavik,66.04,-17.34,32.0,94,90,6.8,IS,1608499004
Ilulissat,69.22,-51.1,12.2,51,37,18.34,GL,1608499005
Sterlibashevo,53.44,55.26,-3.42,85,33,6.69,RU,1608499005
Merauke,-8.47,140.33,81.75,78,98,4.29,ID,1608499005
Bambanglipuro,-7.95,110.28,75.7,84,100,5.5,ID,1608499005
Torit,4.41,32.57,81.34,37,13,2.13,SS,1608499005
Mount Isa,-20.73,139.5,75.2,100,75,3.36,AU,1608499005
Fendou,46.65,124.87,10.47,87,0,7.29,CN,1608499005
Piney Green,34.72,-77.32,48.0,93,90,5.82,US,1608499005
Hilo,19.73,-155.09,73.4,94,90,4.7,US,1608498714
Manchester,53.48,-2.24,43.0,86,0,5.82,GB,1608498998
Longyearbyen,78.22,15.64,6.8,60,0,32.21,SJ,1608499006
Livezi,44.85,23.82,39.0,93,90,5.82,RO,1608499006
Paramonga,-10.67,-77.83,72.81,71,42,9.44,PE,1608499006
Namatanai,-3.67,152.43,81.3,77,32,2.51,PG,1608499006
Yellowknife,62.46,-114.35,-16.01,75,75,8.05,CA,1608499007
Alta Floresta,-9.88,-56.09,85.57,72,32,2.98,BR,1608499007
Jacqueville,5.21,-4.41,82.4,83,20,5.82,CI,1608499007
Santa Maria,-29.68,-53.81,78.8,47,0,8.05,BR,1608499007
Konëvo,62.12,39.32,35.2,96,100,8.37,RU,1608499007
Hobyo,5.35,48.53,78.75,78,81,18.68,SO,1608498853
Narsaq,60.92,-46.05,24.8,58,100,9.17,GL,1608499007
Brae,60.4,-1.35,46.4,81,6,20.8,GB,1608499007
Port Hardy,50.7,-127.42,44.6,93,75,5.82,CA,1608499008
Nelson Bay,-32.72,152.15,71.01,100,90,5.82,AU,1608499008
Talnakh,69.49,88.4,-32.8,73,95,4.47,RU,1608499008
Jonesboro,35.84,-90.7,46.0,81,90,6.93,US,1608498898
Tucupita,9.06,-62.05,78.12,93,23,4.21,VE,1608499008
Northam,51.03,-4.22,45.0,95,98,4.0,GB,1608499008
Adamantas,36.73,24.43,53.6,71,100,9.17,GR,1608499009
Kielce,50.87,20.63,35.01,1,1,3.96,PL,1608499009
Jamestown,42.1,-79.24,35.01,98,90,8.05,US,1608498734
Wanning,18.8,110.4,61.21,71,100,18.61,CN,1608499009
Grand Gaube,-20.01,57.66,77.0,82,1,1.99,MU,1608499009
Hasaki,35.73,140.83,30.2,54,20,6.93,JP,1608498877
Ağdam,39.99,46.93,39.54,72,30,2.35,AZ,1608499009
Mafeteng,-29.82,27.24,71.44,47,83,10.45,LS,1608499009
Chumikan,54.72,135.31,-7.28,83,95,25.55,RU,1608499010
Arraial do Cabo,-22.97,-42.03,86.0,74,0,12.75,BR,1608498862
Huarmey,-10.07,-78.15,73.74,70,70,9.62,PE,1608499010
Nikolskoye,59.7,30.79,33.8,94,90,8.95,RU,1608498832
Thompson,55.74,-97.86,-9.4,69,90,4.7,CA,1608498909
Puerto Escondido,15.85,-97.07,80.6,78,40,5.82,MX,1608499010
Kinarut,5.82,116.05,80.6,78,20,9.17,MY,1608499011
Batié,9.88,-2.92,80.89,16,15,4.27,BF,1608499011
Pauini,-7.71,-66.98,87.64,57,100,2.06,BR,1608499011
Leduc,53.27,-113.55,37.4,47,72,24.16,CA,1608498909
Chimbote,-9.09,-78.58,72.68,73,28,10.31,PE,1608498874
Diffa,13.32,12.61,71.01,22,0,7.2,NE,1608499011
Katsuura,35.13,140.3,39.0,44,20,8.05,JP,1608499011
Gravdal,68.12,13.5,44.6,81,75,12.75,NO,1608499011
Hanzhong,33.07,107.03,32.95,87,0,0.47,CN,1608498979
Ponta do Sol,32.67,-17.1,62.6,77,20,8.05,PT,1608498810
Khani,41.96,42.96,41.0,93,90,6.93,GE,1608499009
Show Low,34.25,-110.03,52.0,24,1,9.17,US,1608499012
Cidreira,-30.18,-50.21,76.6,59,91,8.05,BR,1608498806
Teahupoo,-17.83,-149.27,86.0,66,40,9.17,PF,1608499012
Coyhaique,-45.58,-72.07,62.6,42,75,10.29,CL,1608499012
Mil'kovo,54.72,158.62,-3.1,90,11,1.21,RU,1608499013
Dhidhdhoo,6.88,73.1,82.31,67,70,7.18,MV,1608499013
General Roca,-39.03,-67.58,80.6,24,20,8.05,AR,1608499013
Castro,-24.79,-50.01,71.92,88,100,7.87,BR,1608498740
Taoudenni,22.68,-3.98,62.65,35,0,10.6,ML,1608498961
Chui,-33.7,-53.46,69.51,51,0,14.16,UY,1608498763
Modāsa,23.47,73.3,59.23,35,6,8.46,IN,1608498959
Chilliwack,49.17,-121.94,52.0,62,100,4.7,CA,1608499014
Saravan,39.72,45.65,30.2,86,98,6.93,AM,1608499014
Olafsvik,64.89,-23.71,34.05,87,100,29.26,IS,1608499014
Mahébourg,-20.41,57.7,77.0,88,40,3.36,MU,1608499014
Yeniseysk,58.45,92.17,-13.85,89,9,2.04,RU,1608499014
Basoko,1.24,23.62,75.11,77,37,3.51,CD,1608499015
Pemangkat,1.17,108.97,77.02,87,92,8.19,ID,1608499015
Dalby,-27.18,151.27,75.99,76,71,4.0,AU,1608499015
Misratah,32.38,15.09,65.39,71,99,14.36,LY,1608499015
Oranjestad,12.52,-70.03,84.2,70,20,18.34,AW,1608498955
Menzel Salem,35.86,8.48,48.2,93,75,4.7,TN,1608499015
Wajir,1.75,40.06,82.94,57,0,2.21,KE,1608499015
Cherskiy,68.75,161.3,-29.36,85,0,1.92,RU,1608499015
Sur,22.57,59.53,69.89,70,11,8.03,OM,1608499016
Nanchang,28.68,115.88,39.16,72,0,6.42,CN,1608499016
San Vicente,-26.62,-54.13,71.26,85,100,1.48,AR,1608499016
Tessalit,20.2,1.01,62.4,29,0,10.65,ML,1608499016
Faanui,-16.48,-151.75,80.6,69,33,5.46,PF,1608499016
Atar,20.52,-13.05,64.11,29,0,10.54,MR,1608499016
Mananara,-16.17,49.77,74.93,90,60,2.57,MG,1608498749
Nome,64.5,-165.41,-18.4,68,1,2.53,US,1608498761
Orimattila,60.8,25.73,39.0,97,100,1.99,FI,1608499017
Saint George,37.1,-113.58,48.2,29,1,5.82,US,1608498779
Spartanburg,34.95,-81.93,46.99,81,75,0.92,US,1608499017
Dois Vizinhos,-25.73,-53.06,75.07,82,100,4.54,BR,1608498804
Shaghat,39.56,45.91,30.2,86,97,6.93,AM,1608499017
Pimentel,-6.84,-79.93,77.0,61,0,18.34,PE,1608499017
Umluj,25.02,37.27,73.8,58,0,9.84,SA,1608499018
Hokitika,-42.72,170.97,58.93,94,100,14.07,NZ,1608499018
Alyangula,-13.85,136.42,77.0,100,100,4.7,AU,1608499018
Arbazh,57.68,48.31,6.8,95,99,10.65,RU,1608499018
Bohodukhiv,50.16,35.53,28.4,79,75,8.95,UA,1608499018
Salinópolis,-0.61,-47.36,81.32,73,5,10.89,BR,1608499018
Kupang,-10.17,123.58,81.88,82,100,14.27,ID,1608499019
Sakakah,29.97,40.21,53.6,62,0,12.75,SA,1608498740
Río Gallegos,-51.62,-69.22,71.6,24,75,29.97,AR,1608499019
Bathsheba,13.22,-59.52,78.8,83,40,18.34,BB,1608499019
Turukhansk,65.82,87.98,-15.9,88,100,12.57,RU,1608499019
High Level,58.52,-117.14,-9.4,76,40,4.7,CA,1608499019
Cascais,38.7,-9.42,60.01,87,72,3.0,PT,1608499019
Tiznit Province,29.58,-9.5,57.69,64,0,1.07,MA,1608499019
São João da Barra,-21.64,-41.05,84.2,70,0,23.04,BR,1608499020
East London,-33.02,27.91,72.77,87,0,1.83,ZA,1608499020
Upernavik,72.79,-56.15,10.81,85,98,5.86,GL,1608499020
Lata,40.16,-8.33,57.99,87,0,5.82,PT,1608499020
Alofi,-19.06,-169.92,80.76,79,99,9.82,NU,1608499020
Batagay-Alyta,67.8,130.41,-30.91,83,100,0.65,RU,1608499020
Khandyga,62.67,135.6,-44.34,73,0,0.89,RU,1608499021
Anūpgarh,29.19,73.21,56.5,32,97,4.92,IN,1608499021
Imbituba,-28.24,-48.67,80.6,69,40,8.05,BR,1608498828
La Asuncion,11.03,-63.86,80.46,78,0,12.26,VE,1608499021
Kostomuksha,64.57,30.58,37.27,94,100,12.86,RU,1608499021
Abū Zabad,12.35,29.25,69.42,30,0,9.95,SD,1608499022
Airai,-8.93,125.41,61.29,100,100,3.13,TL,1608498856
Bonthe,7.53,-12.51,79.54,78,0,6.2,SL,1608499022
Marondera,-18.19,31.55,63.03,94,100,4.05,ZW,1608499022
Carutapera,-1.2,-46.02,80.01,75,16,6.8,BR,1608499022
Mariestad,58.71,13.82,46.4,87,100,8.05,SE,1608499022
Caconda,-13.73,15.07,61.54,78,100,9.26,AO,1608499022
Marzuq,14.4,46.47,63.81,53,75,3.74,YE,1608499023
Kalisz,51.76,18.09,35.01,93,78,5.99,PL,1608499023
Abu Samrah,35.3,37.18,51.62,75,0,6.15,SY,1608499023
Andradina,-20.9,-51.38,82.78,64,93,6.13,BR,1608499023
Coahuayana Viejo,18.73,-103.68,84.2,39,40,9.17,MX,1608499023
Takoradze,4.88,-1.76,79.66,83,33,7.18,GH,1608499023
Celestún,20.87,-90.4,78.39,74,14,8.7,MX,1608499023
Santa Isabel Rio Negro,-0.41,-65.02,80.65,94,99,3.15,BR,1608499024
Sozimskiy,59.74,52.25,10.96,95,100,9.44,RU,1608499024
Muros,42.78,-9.06,57.99,92,100,1.01,ES,1608499024
Kangaatsiaq,68.31,-53.46,6.44,85,91,10.87,GL,1608499024
Oranjemund,-28.55,16.43,64.78,82,99,11.95,NA,1608499024
Chorozinho,-4.3,-38.5,84.2,66,40,11.41,BR,1608499024
Juneau,58.3,-134.42,37.4,74,75,5.82,US,1608498927
Tereze,43.94,42.44,33.8,86,90,13.42,RU,1608499025
Sulangan,11.14,123.72,81.79,79,100,14.54,PH,1608499025
Sidi Ali,36.1,0.42,52.95,92,1,3.36,DZ,1608499025
Ahipara,-35.17,173.17,68.72,63,73,4.68,NZ,1608499025
Shingū,33.73,135.98,35.6,85,3,6.96,JP,1608499025
Rochegda,62.8,43.25,32.61,98,100,4.68,RU,1608499025
Tartous,34.89,35.89,54.0,76,0,3.36,SY,1608499026
Pasni,25.26,63.47,70.0,52,100,8.08,PK,1608499026
Tuy Hoa,13.08,109.3,68.9,89,100,16.67,VN,1608499026
Cayenne,4.93,-52.33,82.4,78,75,6.93,GF,1608498877
Hūn,29.13,15.95,61.75,46,80,11.63,LY,1608498760
Los Llanos de Aridane,28.66,-17.92,66.2,72,20,6.93,ES,1608498831
Sicamous,50.83,-118.99,41.0,93,98,3.8,CA,1608499026
Severo-Kuril'sk,50.68,156.12,27.21,93,84,21.23,RU,1608499027
Dhārchula,29.85,80.53,49.8,34,80,6.78,IN,1608499027
Riachão do Jacuípe,-11.81,-39.39,87.13,44,92,10.54,BR,1608499027
Beringovskiy,63.05,179.32,-7.69,90,88,14.92,RU,1608499027
Anjozorobe,-18.4,47.87,68.0,82,75,4.7,MG,1608499027
Hong Kong,22.29,114.16,57.0,60,100,1.99,HK,1608498928
Luganville,-15.53,167.17,78.8,88,75,6.96,VU,1608499027
Srednekolymsk,67.45,153.68,-37.68,83,5,1.1,RU,1608498991
Pandan,14.05,124.17,79.39,85,100,13.09,PH,1608499028
Alekseyevsk,57.84,108.35,-0.78,91,100,1.43,RU,1608499028
Kiryat Gat,31.61,34.76,57.99,87,0,1.12,IL,1608499028
Fairmont,39.49,-80.14,39.99,94,96,4.52,US,1608499028
Iqaluit,63.75,-68.51,-5.8,70,40,2.24,CA,1608499028
Bang Mun Nak,16.03,100.38,64.08,62,15,6.49,TH,1608499028
Norman Wells,65.28,-126.83,-31.0,66,75,5.82,CA,1608499029
Anadyr,64.75,177.48,-16.01,75,0,8.95,RU,1608499029
Phalaborwa,-23.94,31.14,75.2,94,0,3.36,ZA,1608499029
Kapoeta,4.77,33.59,84.27,35,44,8.93,SS,1608499029
Broken Hill,-31.95,141.43,68.0,72,90,10.29,AU,1608498857
Galesong,-5.32,119.37,75.2,100,40,4.7,ID,1608499030
La Ronge,55.1,-105.28,1.4,77,100,10.29,CA,1608499031
Kawasaki,35.52,139.72,37.4,44,20,8.05,JP,1608499031
Sept-Îles,50.2,-66.38,28.4,86,95,4.7,CA,1608499031
Comodoro Rivadavia,-45.87,-67.5,75.2,33,20,19.46,AR,1608498784
Concepción del Oro,24.63,-101.42,61.07,30,17,4.05,MX,1608499031
Graham,47.05,-122.29,52.0,87,90,3.36,US,1608498874
Mthatha,-31.59,28.78,66.2,93,29,4.7,ZA,1608499032
Springbok,-29.66,17.89,75.97,28,96,3.83,ZA,1608499032
Mossamedes,-15.2,12.15,68.25,80,100,4.83,AO,1608499032
Te Anau,-45.42,167.72,49.91,91,100,0.47,NZ,1608499032
Drezdenko,52.84,15.83,32.0,85,98,1.01,PL,1608499032
Amga,60.9,131.96,-33.41,82,97,2.44,RU,1608499032
Ketchikan,55.34,-131.65,39.2,100,90,5.82,US,1608499032
Kenai,60.55,-151.26,19.99,85,75,4.7,US,1608499033
Paragould,36.06,-90.5,46.0,81,90,6.93,US,1608498960
San Patricio,28.02,-97.52,73.99,37,20,5.82,US,1608499033
Athabasca,54.72,-113.29,37.4,80,100,16.11,CA,1608499033
Salinas,36.68,-121.66,64.0,41,1,6.93,US,1608498905
Hof,50.32,11.92,36.0,97,100,5.01,DE,1608499033
Preobrazheniye,42.9,133.91,16.03,84,20,10.13,RU,1608499033
Mitú,1.2,-70.17,81.16,91,78,2.13,CO,1608499033
Vila Franca do Campo,37.72,-25.43,62.6,93,75,16.11,PT,1608499034
Shelburne,44.08,-80.2,37.0,93,82,11.3,CA,1608499034
Uberlândia,-18.92,-48.28,84.2,48,20,8.05,BR,1608499034
Atbasar,51.8,68.33,-5.3,87,2,8.55,KZ,1608499034
Fukuechō,32.69,128.84,47.8,59,100,14.97,JP,1608499034
Lagan,45.39,47.37,29.34,96,95,13.42,RU,1608499034
Kaitangata,-46.28,169.85,55.0,90,100,11.99,NZ,1608498780
Kieta,-6.22,155.63,81.97,72,99,3.11,PG,1608499034
Cabo San Lucas,22.89,-109.91,78.01,57,75,4.7,MX,1608499035
Tautira,-17.73,-149.15,86.0,66,40,9.17,PF,1608499035
Beloha,-25.17,45.05,75.47,85,1,9.57,MG,1608498757
Wexford,52.33,-6.46,46.0,93,20,2.24,IE,1608499035
Loandjili,-4.76,11.86,77.0,94,20,10.29,CG,1608499035
Gouré,13.98,10.27,73.99,21,0,5.01,NE,1608499035
Laguna,38.42,-121.42,57.0,93,1,3.76,US,1608498873
Robertsport,6.75,-11.37,80.26,78,2,6.67,LR,1608499036
Little Current,45.98,-81.92,35.6,84,82,9.17,CA,1608498801
Kyzyl-Suu,42.34,78.01,23.14,79,3,7.18,KG,1608499036
Menongue,-14.66,17.69,65.62,90,100,5.57,AO,1608499036
Rosarito,32.33,-117.03,80.6,9,1,4.7,MX,1608498866
Vostok,46.49,135.88,-9.63,92,100,5.35,RU,1608498854
Östersund,63.18,14.64,41.0,80,100,16.11,SE,1608498823
Ballina,-28.87,153.57,75.2,88,96,3.76,AU,1608499037
Gigmoto,13.78,124.39,79.63,83,100,11.41,PH,1608499037
Soyo,-6.13,12.37,76.82,85,100,4.47,AO,1608499037
Yara,20.28,-76.95,82.69,68,23,6.69,CU,1608499037
Kaoma,-14.78,24.8,65.79,93,100,4.21,ZM,1608499037
Vardø,70.37,31.11,30.2,100,75,17.22,NO,1608499037
Nālūt,30.33,10.85,53.73,47,100,4.76,LY,1608499038
Broome,42.25,-75.83,34.0,86,90,5.82,US,1608499038
Piranshahr,36.7,45.14,29.34,86,0,4.34,IR,1608499038
Mount Gambier,-37.83,140.77,51.8,87,90,8.05,AU,1608499038
Turki,51.99,43.27,4.44,94,0,5.32,RU,1608499038
Fort Nelson,58.81,-122.7,-7.6,69,75,2.26,CA,1608498909
Eilat,29.56,34.95,57.2,67,0,9.17,IL,1608499039
Kruisfontein,-34.0,24.73,72.0,87,73,3.0,ZA,1608499039
Kemin,42.78,75.69,16.23,92,100,1.48,KG,1608499039
Monrovia,6.3,-10.8,75.2,94,40,4.83,LR,1608499036
Manicoré,-5.81,-61.3,84.38,80,95,1.9,BR,1608499039
Algarrobo,10.19,-74.58,88.45,54,74,6.11,CO,1608499039
Nyakabindi,-2.63,33.98,64.8,85,100,0.94,TZ,1608499039
Muravlenko,63.79,74.52,0.81,94,98,9.93,RU,1608499040
Singaraja,-8.11,115.09,79.95,75,100,5.57,ID,1608499040
Faranah,10.04,-10.74,75.04,28,8,2.39,GN,1608499040
Keelung,25.13,121.74,59.0,100,75,14.99,TW,1608499040
Saurimo,-9.66,20.39,62.64,98,98,3.0,AO,1608499040
Monduli,-3.3,36.45,64.4,82,20,6.76,TZ,1608499040
Neuquén,-38.95,-68.06,80.6,24,20,8.05,AR,1608499041
Richards Bay,-28.78,32.04,76.05,88,91,7.16,ZA,1608499041
Poum,-20.23,164.02,78.66,72,54,9.28,NC,1608499041
Ostrovnoy,68.05,39.51,27.16,97,100,20.0,RU,1608499041
Kenitra,34.26,-6.58,53.6,100,20,5.79,MA,1608498950
Ust-Tsilma,65.44,52.15,5.36,92,13,4.74,RU,1608499042
Hurghada,27.26,33.81,64.4,55,0,9.17,EG,1608499042
Rome,43.21,-75.46,32.0,86,90,6.93,US,1608498964
Kidal,18.44,1.41,70.99,22,1,13.58,ML,1608499042
Yulara,-25.24,130.99,69.8,83,75,9.17,AU,1608499042
Dingle,11.0,122.67,76.46,89,100,8.43,PH,1608499042
Angren,41.02,70.14,26.76,83,17,3.0,UZ,1608499042
‘Āhuimanu,21.44,-157.84,82.0,74,40,11.41,US,1608499042
Krasnoborsk,61.56,45.93,26.31,97,100,6.76,RU,1608499043
Lentvaris,54.65,25.05,32.0,100,90,11.41,LT,1608499043
Ocós,14.51,-92.19,93.2,59,20,10.29,GT,1608499043
Colares,38.8,-9.45,60.01,87,73,3.0,PT,1608498853
Yangi Marg`ilon,40.43,71.72,33.8,86,100,1.52,UZ,1608498943
Coos Bay,43.37,-124.22,60.01,100,90,17.22,US,1608499043
Cap Malheureux,-19.98,57.61,77.0,82,0,1.99,MU,1608499044
Ust'-Kan,50.93,84.76,5.45,86,20,6.44,RU,1608499044
Caorle,45.6,12.88,48.99,92,93,4.23,IT,1608499044
Novo Aripuanã,-5.12,-60.38,84.38,73,87,1.39,BR,1608499044
Buraidah,26.33,43.98,59.0,82,75,12.75,SA,1608499044
Krasnosel'kup,65.7,82.47,-2.09,92,100,4.05,RU,1608499044
Béjar,40.39,-5.76,44.01,94,35,3.2,ES,1608499044
Mechanicsville,37.61,-77.37,42.8,87,90,1.3,US,1608499044
San Cristobal,7.77,-72.22,84.2,62,40,6.93,VE,1608499045
Banchory,57.05,-2.49,39.99,86,20,9.17,GB,1608499045
Tuatapere,-46.13,167.68,49.8,90,100,4.79,NZ,1608498833
Aklavik,68.22,-135.01,-43.6,64,20,4.7,CA,1608498937
Lavrentiya,65.58,-171.0,-11.88,87,0,11.65,RU,1608498783
Kontagora,10.4,5.47,78.39,30,0,5.03,NG,1608498872
Kahului,20.89,-156.47,82.4,61,40,12.75,US,1608499045
Aloleng,16.13,119.78,77.68,80,98,14.5,PH,1608499046
Necochea,-38.55,-58.74,61.0,58,53,5.01,AR,1608499046
Kaeo,-35.1,173.78,70.0,78,96,5.99,NZ,1608499046
Fort Saint James,54.43,-124.25,34.0,87,97,7.38,CA,1608499046
Bannu,32.99,70.6,52.27,41,20,1.74,PK,1608499046
Zelenets,61.88,50.75,15.8,92,90,8.95,RU,1608499046
Kropotkin,45.44,40.58,30.85,97,100,10.13,RU,1608499047
Adrar,20.5,-10.07,61.61,31,0,11.79,MR,1608499047
Vanimo,-2.67,141.3,78.4,84,99,4.59,PG,1608499047
Kirundo Province,-2.58,30.17,64.4,100,40,2.73,BI,1608499047
Zhigansk,66.77,123.37,-39.77,80,98,5.12,RU,1608499047
Boguchany,58.38,97.45,-2.31,89,100,2.08,RU,1608499047
Sisimiut,66.94,-53.67,16.16,82,100,14.27,GL,1608499048
Eureka,40.8,-124.16,62.01,73,42,1.99,US,1608499048
Yaan,7.38,8.57,83.55,19,0,2.66,NG,1608499048
Lüderitz,-26.65,15.16,66.2,82,66,8.05,NA,1608498809
Sola,-13.88,167.55,80.6,88,75,12.64,VU,1608498809
Yarkovo,57.4,67.08,13.91,87,100,14.85,RU,1608499048
Mollendo,-17.02,-72.01,69.3,75,98,7.58,PE,1608499048
Villazón,-22.09,-65.59,67.35,42,22,24.54,BO,1608499049
Pāsighāt,28.07,95.33,55.47,41,0,3.33,IN,1608499049
Ribeira Grande,38.52,-28.7,64.4,93,75,20.8,PT,1608498899
Dzilam González,21.28,-88.93,81.9,64,28,4.99,MX,1608499049
Iwanai,42.97,140.51,22.21,93,100,13.89,JP,1608498930
Eagle,43.7,-116.35,46.99,100,90,5.82,US,1608498801
Piaçabuçu,-10.41,-36.43,79.3,76,93,16.71,BR,1608499050
Marfino,55.7,37.38,32.0,97,90,6.71,RU,1608498931
Bor,56.36,44.07,19.4,85,75,11.18,RU,1608499050
Kristinestad,62.27,21.38,41.61,93,99,16.53,FI,1608499050
Reconquista,-29.15,-59.65,83.44,34,0,8.03,AR,1608498828
Dongsheng,39.82,109.98,12.18,92,91,6.33,CN,1608499050
Sibolga,1.74,98.78,75.83,83,100,3.51,ID,1608499050
Amnat Charoen,15.92,104.75,57.92,65,81,21.99,TH,1608499050
Adré,13.47,22.2,60.51,30,0,4.97,TD,1608499051
Egvekinot,66.32,-179.17,-14.78,85,8,14.85,RU,1608499051
Constitución,-35.33,-72.42,64.76,55,0,19.66,CL,1608499051
Benalla,-36.55,145.98,55.4,76,84,4.7,AU,1608499051
Margate,51.38,1.39,46.0,80,19,3.0,GB,1608499051
Polunochnoye,60.87,60.42,9.84,87,16,12.8,RU,1608498804
Pangody,65.85,74.49,-21.84,85,99,15.3,RU,1608499051
Nova Friburgo,-22.28,-42.53,73.0,94,68,1.77,BR,1608499020
Saint-Augustin,51.23,-58.65,21.09,96,97,3.89,CA,1608499052
Djambala,-2.54,14.75,68.09,97,100,2.98,CG,1608499052
Francia,15.85,-85.58,84.2,70,40,5.82,HN,1608499052
Gushikawa,26.35,127.87,59.0,72,75,9.17,JP,1608499052
Tegul'det,57.31,88.17,-3.66,92,80,3.47,RU,1608499052
Nemuro,43.32,145.57,24.98,86,7,17.72,JP,1608499052
Acapulco de Juárez,16.86,-99.89,84.2,74,90,4.7,MX,1608499053
Kentau,43.52,68.51,16.05,89,1,5.64,KZ,1608499053
Ciudad del Maíz,22.4,-99.6,71.01,39,39,4.0,MX,1608499053
Bulgan,48.81,103.53,8.35,80,36,3.56,MN,1608499053
Arona,28.1,-16.68,68.0,82,75,12.75,ES,1608499053
Haines Junction,60.75,-137.51,26.6,63,9,4.7,CA,1608499054
Araouane,18.9,-3.53,63.59,28,3,9.8,ML,1608499054
Mahon,39.89,4.27,55.4,93,40,6.93,ES,1608499054
Walvis Bay,-22.96,14.51,63.0,93,64,8.05,NA,1608499054
Port Macquarie,-31.43,152.92,70.0,100,75,5.82,AU,1608499054
Malbork,54.04,19.03,35.01,100,96,11.45,PL,1608499054
Jieshi,22.81,115.83,55.99,61,100,3.0,CN,1608499055
Kroya,-7.63,109.25,77.47,83,100,2.28,ID,1608499055
Sawākin,19.11,37.33,77.72,72,82,5.88,SD,1608499055
Libenge,3.65,18.63,77.25,36,67,1.9,CD,1608499055
West Plains,36.73,-91.85,53.6,58,1,8.05,US,1608498807
Vanavara,60.34,102.28,-20.4,86,16,2.95,RU,1608499055
Navrongo,10.9,-1.09,80.22,16,0,5.97,GH,1608499056
Wajima,37.4,136.9,38.98,74,100,9.4,JP,1608499056
Freeport,40.66,-73.58,37.0,93,90,6.31,US,1608499056
Portland,45.52,-122.68,50.0,87,90,4.7,US,1608498826
Imphal,24.82,93.95,47.57,86,15,2.68,IN,1608499056
Ambilobe,-13.2,49.05,75.78,91,96,2.17,MG,1608499056
Moose Factory,51.26,-80.61,33.8,86,90,9.17,CA,1608499056
Horsham,51.06,-0.33,45.0,87,20,4.7,GB,1608499057
Moïssala,8.34,17.77,74.82,20,0,2.57,TD,1608499057
Clarence Town,-32.58,151.78,71.01,100,90,5.82,AU,1608499057
Kuril'sk,45.23,147.88,25.38,93,99,19.82,RU,1608499057
Saldanha,-33.01,17.94,66.2,72,0,8.05,ZA,1608499057
Caucayá,-0.19,-74.78,89.69,47,27,5.21,CO,1608499057
Maumere,-8.62,122.21,81.23,79,100,8.14,ID,1608498942
Srandakan,-7.94,110.25,75.94,83,100,5.61,ID,1608499058
Santa Rita,-7.11,-34.98,82.4,69,40,11.41,BR,1608499058
Quzhou,28.96,118.87,35.65,85,0,3.76,CN,1608499058
Dali,25.7,100.18,38.19,78,1,2.48,CN,1608499058
Svetlaya,46.54,138.33,6.84,82,61,7.25,RU,1608499058
Kuala Pilah,2.74,102.25,75.2,94,20,1.12,MY,1608499059
Tungor,53.38,142.96,-13.23,86,7,10.78,RU,1608499059
San Rafael del Sur,11.85,-86.44,89.6,59,20,18.34,NI,1608499059
Øksfjord,70.24,22.35,35.6,93,75,6.93,NO,1608499059
Koumac,-20.57,164.28,79.47,64,11,2.35,NC,1608499059
Ucluelet,48.93,-125.55,50.0,81,75,5.82,CA,1608499059
Oriximiná,-1.77,-55.87,87.58,60,95,1.25,BR,1608499059
Lexington,37.99,-84.48,45.0,87,90,5.82,US,1608498862
Yambio,4.57,28.4,73.0,33,85,1.66,SS,1608499060
Half Moon Bay,37.46,-122.43,61.0,54,5,6.26,US,1608498947
Arica,-18.48,-70.3,73.4,56,0,11.41,CL,1608498929
Vila Velha,-20.33,-40.29,84.99,78,20,23.04,BR,1608498967
Lander,42.83,-108.73,48.2,41,1,5.06,US,1608499060
Kyabé,9.45,18.94,75.07,19,0,3.85,TD,1608499060
Bonaventure,48.05,-65.49,23.0,79,40,3.36,CA,1608499060
Ust'-Ishim,57.69,71.17,11.62,94,100,12.12,RU,1608499061
Karpogory,64.0,44.45,21.78,98,100,7.2,RU,1608499061
Pangkalanbuun,-2.68,111.62,73.83,97,100,2.3,ID,1608499061
Erzin,36.96,36.2,51.8,100,40,4.7,TR,1608499061
Antofagasta,-23.65,-70.4,68.0,68,20,16.11,CL,1608498858
Tual,-5.67,132.75,84.67,73,100,10.02,ID,1608499061
Ulladulla,-35.35,150.47,68.0,93,90,4.7,AU,1608498907
Xinzhou,38.41,112.73,17.51,83,0,0.74,CN,1608499061
Saint-Joseph,-21.37,55.62,77.0,83,0,8.05,RE,1608499062
Whitehorse,60.72,-135.05,28.4,50,20,21.92,CA,1608498885
Shenjiamen,29.96,122.3,44.42,63,0,12.35,CN,1608499062
Zaplavnoye,48.7,45.02,21.2,92,90,13.42,RU,1608499062
Yabrūd,33.97,36.66,41.0,86,0,3.36,SY,1608499062
Calbuco,-41.77,-73.13,59.0,72,75,6.93,CL,1608499062
Brasiléia,-11.02,-68.75,91.4,59,75,11.41,BR,1608499063
Province of Trapani,37.83,12.67,60.01,76,20,3.36,IT,1608499041
Zabul Province,32.25,67.25,39.78,71,64,3.91,AF,1608499063
Maţāy,28.42,30.78,55.96,67,0,8.99,EG,1608499063
Kjøpsvik,68.1,16.37,45.0,86,75,12.75,NO,1608499063
Padang,-0.95,100.35,77.77,73,100,3.78,ID,1608499063
Bambamarca,-6.68,-78.53,62.6,67,40,8.05,PE,1608499063
St. George's,12.06,-61.75,80.15,78,55,13.02,GD,1608499064
Syracuse,37.09,15.28,59.0,93,40,9.17,IT,1608499035
Vao,-22.67,167.48,75.61,78,1,11.7,NC,1608499064
Sorong,-0.88,131.25,82.27,73,100,4.94,ID,1608499056
Vijāpur,23.57,72.75,57.2,58,40,2.24,IN,1608499064
Tyshkivka,48.5,30.94,34.54,97,100,4.79,UA,1608499064
Oussouye,12.48,-16.55,75.2,64,0,6.93,SN,1608499065
Teya,60.38,92.63,-8.54,85,95,3.96,RU,1608499065
Guerrero Negro,27.98,-114.06,72.81,21,100,7.45,MX,1608499065
Salem,11.65,78.17,65.46,89,100,5.64,IN,1608499065
Chebenki,51.93,55.71,-7.6,76,0,4.47,RU,1608499065
Borodianka,50.64,29.92,32.0,94,90,4.47,UA,1608499065
Santa Ana,33.75,-117.87,82.4,33,1,5.82,US,1608498849
Tingi,-11.3,35.03,65.66,86,50,4.29,TZ,1608499066
Jasper,37.2,-94.35,48.99,57,1,14.99,US,1608499066
Prince George,53.92,-122.75,39.0,86,20,10.29,CA,1608499066
Minsk,53.9,27.57,28.4,100,90,4.47,BY,1608498960
Setúbal,38.52,-8.89,57.2,87,20,5.82,PT,1608498835
Casas Grandes,30.37,-107.95,62.01,8,0,4.0,MX,1608499067
Carballo,43.21,-8.69,55.99,87,40,12.75,ES,1608498989
Porbandar,21.64,69.61,67.26,39,0,9.6,IN,1608499067
Daru,-9.08,143.21,78.84,77,0,4.38,PG,1608499067
Chicama,-7.84,-79.15,69.8,77,20,11.41,PE,1608499067
Tiarei,-17.53,-149.33,86.0,66,40,9.17,PF,1608499067
Aswān,24.09,32.91,63.59,43,5,9.62,EG,1608499067
Bosaso,11.28,49.18,76.19,75,57,6.71,SO,1608499067
Nuuk,64.18,-51.72,26.6,79,100,6.93,GL,1608499068
Telimele,10.92,-13.33,73.72,44,6,2.04,GN,1608499068
Kununurra,-15.77,128.73,78.8,100,90,4.7,AU,1608499068
Port Blair,11.67,92.75,79.3,80,5,12.59,IN,1608498987
Ak-Dovurak,51.18,90.6,-3.14,87,98,2.21,RU,1608499068
Tanout,14.97,8.89,69.69,23,5,10.02,NE,1608499068
Belaya Gora,68.53,146.42,-32.48,84,0,2.55,RU,1608499068
Sabang,5.89,95.32,81.19,78,100,14.85,ID,1608499069
Katobu,-4.94,122.53,77.09,88,100,4.76,ID,1608499069
Redmond,47.67,-122.12,52.0,85,100,5.26,US,1608499069
Orlik,52.52,99.83,-0.33,77,46,1.36,RU,1608499069
Nekhayevskiy,50.41,41.76,18.0,83,95,8.41,RU,1608499069
Marawi,8.0,124.29,73.99,94,81,5.99,PH,1608499069
Bilma,18.69,12.92,62.65,29,1,3.27,NE,1608499070
Killybegs,54.63,-8.45,48.2,87,75,14.99,IE,1608499070
Yumen,40.28,97.2,14.95,70,45,7.25,CN,1608499070
Heihe,50.24,127.49,-7.6,76,0,0.81,CN,1608499070
Cassilândia,-19.11,-51.73,87.26,54,100,2.57,BR,1608499070
Hammond,41.58,-87.5,41.0,56,1,12.75,US,1608499070
Birobidzhan,48.8,132.95,0.5,88,69,2.33,RU,1608499070
Sittwe,20.15,92.9,65.68,72,70,5.3,MM,1608499071
